Workbook

Sheet Dashboard
A1: TRAINER PERFORMANCE DASHBOARD
A2: July performance overview | Weighted effectiveness and improvement priorities
A4: COMPLETED RECORDS | D4: AVG EFFECTIVENESS | G4: EFFECTIVE TRAINERS | J4: NEEDS IMPROVEMENT
A5: =COUNTIF('Trainer Performance'!A2:A15,"<>") -> 2 | D5: =AVERAGEIF('Trainer Performance'!A2:A15,"<>",'Trainer Performance'!H2:H15) -> 0.9327625 | G5: =COUNTIF('Trainer Performance'!I2:I15,"Effective") -> 1 | J5: =COUNTIF('Trainer Performance'!I2:I15,"Needs Improvement") -> 1
A6: Rows with trainer names | D6: Weighted score across completed records | G6: Meeting effectiveness criteria | J6: Below one or more required thresholds
A8: ="The current view includes "&COUNTIF('Trainer Performance'!A2:A15,"<>")&" completed trainer records for "&'Trainer Performance'!B2&", with average effectiveness of "&TEXT(AVERAGEIF('Trainer Performance'!A2:A15,"<>",'Trainer Performance'!H2:H15),"0.0%")&". "&INDEX('Trainer Performance'!A2:A15,MATCH(MAX('Trainer Performance'!H2:H15),'Trainer Performance'!H2:H15,0))&" leads at "&TEXT(MAX('Trainer Performance'!H2:H15),"0.0%")&", while "&COUNTIF('Trainer Performance'!I2:I15,"Needs Improvement")&" trainer requires improvement. Attendance is the common priority in the current records; review TOF for trainers flagged below the threshold." -> The current view includes 2 completed trainer records for July, with average effectiveness of 93.3%. Nikita leads at 94.7%, while 1 trainer requires improvement. Attendance is the common priority in the current records; review TOF for trainers flagged below the threshold.
A12: TRAINER SCORECARD
A13: Trainer | B13: L1 Score | C13: TOF | D13: Throughput | E13: Utilization | F13: Attendance | G13: Effectiveness | I13: Rating | J13: Count | K13: Share
A14: ='Trainer Performance'!A2 -> Nikita | B14: ='Trainer Performance'!C2 -> 0.927 | C14: ='Trainer Performance'!D2 -> 0.915 | D14: ='Trainer Performance'!E2 -> 0.955 | E14: ='Trainer Performance'!F2 -> 1.02 | F14: ='Trainer Performance'!G2 -> 1 | G14: ='Trainer Performance'!H2 -> 0.9466 | I14: Effective | J14: =COUNTIF('Trainer Performance'!I2:I15,I14) -> 1 | K14: =IFERROR(J14/$A$5,0) -> 0.5
A15: ='Trainer Performance'!A3 -> Vandana | B15: ='Trainer Performance'!C3 -> 0.948 | C15: ='Trainer Performance'!D3 -> 0.8696 | D15: ='Trainer Performance'!E3 -> 0.9375 | E15: ='Trainer Performance'!F3 -> 0.9743 | F15: ='Trainer Performance'!G3 -> 0.8 | G15: ='Trainer Performance'!H3 -> 0.918925 | I15: Satisfactory | J15: =COUNTIF('Trainer Performance'!I2:I15,I15) -> 0 | K15: =IFERROR(J15/$A$5,0) -> 0
I16: Needs Improvement | J16: =COUNTIF('Trainer Performance'!I2:I15,I16) -> 1 | K16: =IFERROR(J16/$A$5,0) -> 0.5

Sheet Trainer Performance
A1: Trainer Name | B1: Month | C1: L1 Score (%) | D1: TOF | E1: Throughput | F1: Utilization (%) | G1: Attendance | H1: Trainer Effectiveness (%) | I1: Rating | J1: Area of Improvement
A2: Nikita | B2: July | C2: 0.927 | D2: 0.915 | E2: 0.955 | F2: 1.02 | G2: 1 | H2: =IF(COUNT(C2:G2)<5,"",C2*30%+D2*30%+E2*20%+F2*15%+G2*5%) -> 0.9466 | I2: =IF(COUNT(C2:G2)<5,"Pending Data",IF(OR(C2<88%,D2<88%,E2<90%),"Needs Improvement",IF(H2>90%,"Effective",IF(H2>=85%,"Satisfactory","Needs Improvement")))) -> Effective | J2: =IF(COUNT(C2:G2)<5,"Pending Data",IF(_xlfn.TEXTJOIN(", ",TRUE,IF(C2<88%,"L1 Score",""),IF(D2<88%,"TOF",""),IF(E2<90%,"Throughput",""),IF(F2<90%,"Utilization",""),IF(G2<95%,"Attendance",""))="","No Improvement Required",_xlfn.TEXTJOIN(", ",TRUE,IF(C2<88%,"L1 Score",""),IF(D2<88%,"TOF",""),IF(E2<90%,"Throughput",""),IF(F2<90%,"Utilization",""),IF(G2<95%,"Attendance","")))) -> No Improvement Required
A3: Vandana | B3: July | C3: 0.948 | D3: 0.8696 | E3: 0.9375 | F3: 0.9743 | G3: 0.8 | H3: =IF(COUNT(C3:G3)<5,"",C3*30%+D3*30%+E3*20%+F3*15%+G3*5%) -> 0.918925 | I3: =IF(COUNT(C3:G3)<5,"Pending Data",IF(OR(C3<88%,D3<88%,E3<90%),"Needs Improvement",IF(H3>90%,"Effective",IF(H3>=85%,"Satisfactory","Needs Improvement")))) -> Needs Improvement | J3: =IF(COUNT(C3:G3)<5,"Pending Data",IF(_xlfn.TEXTJOIN(", ",TRUE,IF(C3<88%,"L1 Score",""),IF(D3<88%,"TOF",""),IF(E3<90%,"Throughput",""),IF(F3<90%,"Utilization",""),IF(G3<95%,"Attendance",""))="","No Improvement Required",_xlfn.TEXTJOIN(", ",TRUE,IF(C3<88%,"L1 Score",""),IF(D3<88%,"TOF",""),IF(E3<90%,"Throughput",""),IF(F3<90%,"Utilization",""),IF(G3<95%,"Attendance","")))) -> TOF, Attendance
H4: =IF(COUNT(C4:G4)<5,"",C4*30%+D4*30%+E4*20%+F4*15%+G4*5%) | I4: =IF(COUNT(C4:G4)<5,"Pending Data",IF(OR(C4<88%,D4<88%,E4<90%),"Needs Improvement",IF(H4>90%,"Effective",IF(H4>=85%,"Satisfactory","Needs Improvement")))) -> Pending Data | J4: =IF(COUNT(C4:G4)<5,"Pending Data",IF(_xlfn.TEXTJOIN(", ",TRUE,IF(C4<88%,"L1 Score",""),IF(D4<88%,"TOF",""),IF(E4<90%,"Throughput",""),IF(F4<90%,"Utilization",""),IF(G4<95%,"Attendance",""))="","No Improvement Required",_xlfn.TEXTJOIN(", ",TRUE,IF(C4<88%,"L1 Score",""),IF(D4<88%,"TOF",""),IF(E4<90%,"Throughput",""),IF(F4<90%,"Utilization",""),IF(G4<95%,"Attendance","")))) -> Pending Data
H5: =IF(COUNT(C5:G5)<5,"",C5*30%+D5*30%+E5*20%+F5*15%+G5*5%) | I5: =IF(COUNT(C5:G5)<5,"Pending Data",IF(OR(C5<88%,D5<88%,E5<90%),"Needs Improvement",IF(H5>90%,"Effective",IF(H5>=85%,"Satisfactory","Needs Improvement")))) -> Pending Data | J5: =IF(COUNT(C5:G5)<5,"Pending Data",IF(_xlfn.TEXTJOIN(", ",TRUE,IF(C5<88%,"L1 Score",""),IF(D5<88%,"TOF",""),IF(E5<90%,"Throughput",""),IF(F5<90%,"Utilization",""),IF(G5<95%,"Attendance",""))="","No Improvement Required",_xlfn.TEXTJOIN(", ",TRUE,IF(C5<88%,"L1 Score",""),IF(D5<88%,"TOF",""),IF(E5<90%,"Throughput",""),IF(F5<90%,"Utilization",""),IF(G5<95%,"Attendance","")))) -> Pending Data
H6: =IF(COUNT(C6:G6)<5,"",C6*30%+D6*30%+E6*20%+F6*15%+G6*5%) | I6: =IF(COUNT(C6:G6)<5,"Pending Data",IF(OR(C6<88%,D6<88%,E6<90%),"Needs Improvement",IF(H6>90%,"Effective",IF(H6>=85%,"Satisfactory","Needs Improvement")))) -> Pending Data | J6: =IF(COUNT(C6:G6)<5,"Pending Data",IF(_xlfn.TEXTJOIN(", ",TRUE,IF(C6<88%,"L1 Score",""),IF(D6<88%,"TOF",""),IF(E6<90%,"Throughput",""),IF(F6<90%,"Utilization",""),IF(G6<95%,"Attendance",""))="","No Improvement Required",_xlfn.TEXTJOIN(", ",TRUE,IF(C6<88%,"L1 Score",""),IF(D6<88%,"TOF",""),IF(E6<90%,"Throughput",""),IF(F6<90%,"Utilization",""),IF(G6<95%,"Attendance","")))) -> Pending Data
H7: =IF(COUNT(C7:G7)<5,"",C7*30%+D7*30%+E7*20%+F7*15%+G7*5%) | I7: =IF(COUNT(C7:G7)<5,"Pending Data",IF(OR(C7<88%,D7<88%,E7<90%),"Needs Improvement",IF(H7>90%,"Effective",IF(H7>=85%,"Satisfactory","Needs Improvement")))) -> Pending Data | J7: =IF(COUNT(C7:G7)<5,"Pending Data",IF(_xlfn.TEXTJOIN(", ",TRUE,IF(C7<88%,"L1 Score",""),IF(D7<88%,"TOF",""),IF(E7<90%,"Throughput",""),IF(F7<90%,"Utilization",""),IF(G7<95%,"Attendance",""))="","No Improvement Required",_xlfn.TEXTJOIN(", ",TRUE,IF(C7<88%,"L1 Score",""),IF(D7<88%,"TOF",""),IF(E7<90%,"Throughput",""),IF(F7<90%,"Utilization",""),IF(G7<95%,"Attendance","")))) -> Pending Data
H8: =IF(COUNT(C8:G8)<5,"",C8*30%+D8*30%+E8*20%+F8*15%+G8*5%) | I8: =IF(COUNT(C8:G8)<5,"Pending Data",IF(OR(C8<88%,D8<88%,E8<90%),"Needs Improvement",IF(H8>90%,"Effective",IF(H8>=85%,"Satisfactory","Needs Improvement")))) -> Pending Data | J8: =IF(COUNT(C8:G8)<5,"Pending Data",IF(_xlfn.TEXTJOIN(", ",TRUE,IF(C8<88%,"L1 Score",""),IF(D8<88%,"TOF",""),IF(E8<90%,"Throughput",""),IF(F8<90%,"Utilization",""),IF(G8<95%,"Attendance",""))="","No Improvement Required",_xlfn.TEXTJOIN(", ",TRUE,IF(C8<88%,"L1 Score",""),IF(D8<88%,"TOF",""),IF(E8<90%,"Throughput",""),IF(F8<90%,"Utilization",""),IF(G8<95%,"Attendance","")))) -> Pending Data
H9: =IF(COUNT(C9:G9)<5,"",C9*30%+D9*30%+E9*20%+F9*15%+G9*5%) | I9: =IF(COUNT(C9:G9)<5,"Pending Data",IF(OR(C9<88%,D9<88%,E9<90%),"Needs Improvement",IF(H9>90%,"Effective",IF(H9>=85%,"Satisfactory","Needs Improvement")))) -> Pending Data | J9: =IF(COUNT(C9:G9)<5,"Pending Data",IF(_xlfn.TEXTJOIN(", ",TRUE,IF(C9<88%,"L1 Score",""),IF(D9<88%,"TOF",""),IF(E9<90%,"Throughput",""),IF(F9<90%,"Utilization",""),IF(G9<95%,"Attendance",""))="","No Improvement Required",_xlfn.TEXTJOIN(", ",TRUE,IF(C9<88%,"L1 Score",""),IF(D9<88%,"TOF",""),IF(E9<90%,"Throughput",""),IF(F9<90%,"Utilization",""),IF(G9<95%,"Attendance","")))) -> Pending Data
H10: =IF(COUNT(C10:G10)<5,"",C10*30%+D10*30%+E10*20%+F10*15%+G10*5%) | I10: =IF(COUNT(C10:G10)<5,"Pending Data",IF(OR(C10<88%,D10<88%,E10<90%),"Needs Improvement",IF(H10>90%,"Effective",IF(H10>=85%,"Satisfactory","Needs Improvement")))) -> Pending Data | J10: =IF(COUNT(C10:G10)<5,"Pending Data",IF(_xlfn.TEXTJOIN(", ",TRUE,IF(C10<88%,"L1 Score",""),IF(D10<88%,"TOF",""),IF(E10<90%,"Throughput",""),IF(F10<90%,"Utilization",""),IF(G10<95%,"Attendance",""))="","No Improvement Required",_xlfn.TEXTJOIN(", ",TRUE,IF(C10<88%,"L1 Score",""),IF(D10<88%,"TOF",""),IF(E10<90%,"Throughput",""),IF(F10<90%,"Utilization",""),IF(G10<95%,"Attendance","")))) -> Pending Data
H11: =IF(COUNT(C11:G11)<5,"",C11*30%+D11*30%+E11*20%+F11*15%+G11*5%) | I11: =IF(COUNT(C11:G11)<5,"Pending Data",IF(OR(C11<88%,D11<88%,E11<90%),"Needs Improvement",IF(H11>90%,"Effective",IF(H11>=85%,"Satisfactory","Needs Improvement")))) -> Pending Data | J11: =IF(COUNT(C11:G11)<5,"Pending Data",IF(_xlfn.TEXTJOIN(", ",TRUE,IF(C11<88%,"L1 Score",""),IF(D11<88%,"TOF",""),IF(E11<90%,"Throughput",""),IF(F11<90%,"Utilization",""),IF(G11<95%,"Attendance",""))="","No Improvement Required",_xlfn.TEXTJOIN(", ",TRUE,IF(C11<88%,"L1 Score",""),IF(D11<88%,"TOF",""),IF(E11<90%,"Throughput",""),IF(F11<90%,"Utilization",""),IF(G11<95%,"Attendance","")))) -> Pending Data
H12: =IF(COUNT(C12:G12)<5,"",C12*30%+D12*30%+E12*20%+F12*15%+G12*5%) | I12: =IF(COUNT(C12:G12)<5,"Pending Data",IF(OR(C12<88%,D12<88%,E12<90%),"Needs Improvement",IF(H12>90%,"Effective",IF(H12>=85%,"Satisfactory","Needs Improvement")))) -> Pending Data | J12: =IF(COUNT(C12:G12)<5,"Pending Data",IF(_xlfn.TEXTJOIN(", ",TRUE,IF(C12<88%,"L1 Score",""),IF(D12<88%,"TOF",""),IF(E12<90%,"Throughput",""),IF(F12<90%,"Utilization",""),IF(G12<95%,"Attendance",""))="","No Improvement Required",_xlfn.TEXTJOIN(", ",TRUE,IF(C12<88%,"L1 Score",""),IF(D12<88%,"TOF",""),IF(E12<90%,"Throughput",""),IF(F12<90%,"Utilization",""),IF(G12<95%,"Attendance","")))) -> Pending Data
H13: =IF(COUNT(C13:G13)<5,"",C13*30%+D13*30%+E13*20%+F13*15%+G13*5%) | I13: =IF(COUNT(C13:G13)<5,"Pending Data",IF(OR(C13<88%,D13<88%,E13<90%),"Needs Improvement",IF(H13>90%,"Effective",IF(H13>=85%,"Satisfactory","Needs Improvement")))) -> Pending Data | J13: =IF(COUNT(C13:G13)<5,"Pending Data",IF(_xlfn.TEXTJOIN(", ",TRUE,IF(C13<88%,"L1 Score",""),IF(D13<88%,"TOF",""),IF(E13<90%,"Throughput",""),IF(F13<90%,"Utilization",""),IF(G13<95%,"Attendance",""))="","No Improvement Required",_xlfn.TEXTJOIN(", ",TRUE,IF(C13<88%,"L1 Score",""),IF(D13<88%,"TOF",""),IF(E13<90%,"Throughput",""),IF(F13<90%,"Utilization",""),IF(G13<95%,"Attendance","")))) -> Pending Data
H14: =IF(COUNT(C14:G14)<5,"",C14*30%+D14*30%+E14*20%+F14*15%+G14*5%) | I14: =IF(COUNT(C14:G14)<5,"Pending Data",IF(OR(C14<88%,D14<88%,E14<90%),"Needs Improvement",IF(H14>90%,"Effective",IF(H14>=85%,"Satisfactory","Needs Improvement")))) -> Pending Data | J14: =IF(COUNT(C14:G14)<5,"Pending Data",IF(_xlfn.TEXTJOIN(", ",TRUE,IF(C14<88%,"L1 Score",""),IF(D14<88%,"TOF",""),IF(E14<90%,"Throughput",""),IF(F14<90%,"Utilization",""),IF(G14<95%,"Attendance",""))="","No Improvement Required",_xlfn.TEXTJOIN(", ",TRUE,IF(C14<88%,"L1 Score",""),IF(D14<88%,"TOF",""),IF(E14<90%,"Throughput",""),IF(F14<90%,"Utilization",""),IF(G14<95%,"Attendance","")))) -> Pending Data
H15: =IF(COUNT(C15:G15)<5,"",C15*30%+D15*30%+E15*20%+F15*15%+G15*5%) | I15: =IF(COUNT(C15:G15)<5,"Pending Data",IF(OR(C15<88%,D15<88%,E15<90%),"Needs Improvement",IF(H15>90%,"Effective",IF(H15>=85%,"Satisfactory","Needs Improvement")))) -> Pending Data | J15: =IF(COUNT(C15:G15)<5,"Pending Data",IF(_xlfn.TEXTJOIN(", ",TRUE,IF(C15<88%,"L1 Score",""),IF(D15<88%,"TOF",""),IF(E15<90%,"Throughput",""),IF(F15<90%,"Utilization",""),IF(G15<95%,"Attendance",""))="","No Improvement Required",_xlfn.TEXTJOIN(", ",TRUE,IF(C15<88%,"L1 Score",""),IF(D15<88%,"TOF",""),IF(E15<90%,"Throughput",""),IF(F15<90%,"Utilization",""),IF(G15<95%,"Attendance","")))) -> Pending Data
